,name,number,v_base,load_type,connect,Pa,Pb,Pc,Qa,Qb,Qc
sourcebus,sourcebus,0,7199.557856794634,S,Y,0.0,0.0,0.0,0.0,0.0,0.0
n2,n2,1,7199.557856794634,0.0,Y,0.0,0.0,0.0,0.0,0.0,0.0
n3,n3,2,7199.557856794634,0.0,Y,0.0,0.0,0.0,0.0,0.0,0.0
n4,n4,3,7199.557856794634,PQ,Y,333.3333333333333,333.3333333333333,333.3333333333333,161.44070161261752,161.44070161261752,161.44070161261752
