,busA,busB,Zaa,Zbb,Zcc,Zab,Zac,Zbc,Baa,Bbb,Bcc,Bab,Bac,Bbc
line1,sourcebus,n2,(45.174524709543405+108.04327856007987j),(46.074662795437256+105.0188252199734j),(45.56351450705538+106.72922331781298j),(15.509026067043315+50.38928848073799j),(15.264394906529507+38.725941225538094j),(15.712839612280394+42.57863116967821j),0.000568015747644364j,0.0005984722140247487j,0.0005400551870262078j,-0.00018330842358958718j,-6.986510643765702e-05j,-0.0001165272849623829j
line2,n2,n3,(44.913465193108465+107.41890616797849j),(45.80840146193973+104.41193087178117j),(45.30020705355658+106.11244473280357j),(15.419400799893932+50.09809331335412j),(15.176183340860753+38.50214749323367j),(15.622036524978954+42.33257308860072j),0.0005647332357117894j,0.0005950136969114509j,0.0005369342566593752j,-0.00018224910069181602j,-6.946136226946575e-05j,-0.00011585388426012095j
