,name,number,v_base,load_type,connect,Pa,Pb,Pc,Qa,Qb,Qc
sourcebus,sourcebus,0,2401.7771198288433,S,Y,0.0,0.0,0.0,0.0,0.0,0.0
n2,n2,1,2401.7771198288433,0.0,Y,0.0,0.0,0.0,0.0,0.0,0.0
n3,n3,2,2401.7771198288433,0.0,Y,0.0,0.0,0.0,0.0,0.0,0.0
n4,n4,3,2401.7771198288433,PQ,Y,416.6666666666667,416.6666666666667,416.6666666666667,201.8008770157719,201.8008770157719,201.8008770157719
