,busA,busB,Zaa,Zbb,Zcc,Zab,Zac,Zbc,Baa,Bbb,Bcc,Bab,Bac,Bbc
line1,sourcebus,n2,(0.17331562037401715+0.4083446523366586j),(0.17675367494490968+0.3970302668180093j),(0.17480095255574477+0.40342947072444524j),(0.05906962323688602+0.1900233093620935j),(0.058135830379621105+0.14580298967282576j),(0.05984848250832018+0.16046799121561026j),2.1516336280619176e-06j,2.2670021852326277e-06j,2.0457195178722196e-06j,-6.943690736358189e-07j,-2.646477902466645e-07j,-4.414032990310609e-07j
line2,n3,n4,(0.21664452546752141+0.5104308154208232j),(0.22094209368113707+0.4962878335225116j),(0.21850119069468094+0.5042868384055565j),(0.07383702904610752+0.23752913670261686j),(0.07266978797452638+0.18225373709103218j),(0.07481060313540022+0.2005849890195128j),2.6895420350773967e-06j,2.8337527315407844e-06j,2.5571493973402747e-06j,-8.679613420447738e-07j,-3.3080973780833067e-07j,-5.51754123788826e-07j
