,name,number,v_base,load_type,connect,Pa,Pb,Pc,Qa,Qb,Qc
sourcebus,sourcebus,0,2401.7771198288433,S,Y,0.0,0.0,0.0,0.0,0.0,0.0
n2,n2,1,2401.7771198288433,0.0,Y,0.0,0.0,0.0,0.0,0.0,0.0
n3,n3,2,2401.7771198288433,0.0,Y,0.0,0.0,0.0,0.0,0.0,0.0
n4,n4,3,2401.7771198288433,PQ,Y,333.3333333333333,333.3333333333333,333.3333333333333,161.44070161261752,161.44070161261752,161.44070161261752
